title,company_name
Python Developer,NTT INDONESIA TECHNOLOGY
BaruFront End Developer,ATI Business Group
Full Stack Developer (Remote),Zealys Pte Ltd
MIS Analyst/ Developer,GO-JEK
BaruOS Developer,PT LAKU6 ONLINE INDONESIA
Junior Java Developer,Agiloft
Python Programmer,1rstWAP
Data Warehouse Developer,GO-JEK
Developer / Programmer,StrategArt
BaruData Engineer,Zurich Gruppe Deutschland
BaruBack End Developer,PT Solusi Eksplorasi Rembulan Utama (SERU)
Jr Backend Developer,Jaris & K
Integration Developer,GO-JEK
Junior Python Programmer,Sonar Social Media Monitoring Platform
Web Backend Developer,株式会社コネクト
